,mean,max,pct_h,z_diff,signal
EU Debt Crisis,1.3422352555072394,6.4811486219304655,60.9375,0.8723407878854734,STRONG
China Crash,0.5238193049039263,2.234593047193632,19.047619047619047,0.2618615488072432,MODERATE
COVID Shock,4.162017396412183,18.16857735433804,70.96774193548387,2.975694778575723,STRONG
Fed Rate Hikes,0.7559870912597879,2.5562377967443513,34.92822966507177,0.4350419633000467,STRONG
