,mean,max,pct_h,z_diff,signal
EU Debt Crisis,1.342235516360024,6.481148803987065,60.9375,0.872341171645397,STRONG
China Crash,0.5238195390950375,2.2345907059482335,19.047619047619047,0.2618617839888234,MODERATE
COVID Shock,4.1620157249079455,18.16857397481903,70.96774193548387,2.9756941643290924,STRONG
Fed Rate Hikes,0.7559867502488804,2.556235792421726,34.92822966507177,0.4350418059292334,STRONG
