theta_H,sharpe,dd,calmar,hhi,ew_pct,dd_improvement
0.5,1.2183447793916768,-0.061741000084440285,5.215509158564746,0.1538543136575644,21.568627450980394,37.67978635772632
0.75,1.1688852933574065,-0.061942814707412565,5.069537650772041,0.16380409365003382,13.725490196078432,37.47607844236106
1.0,1.1961154170153265,-0.06129503958815543,5.324256193873755,0.16610946914741684,11.76470588235294,38.129930562816554
1.25,1.1746424194271317,-0.059986154111212754,5.33080095767261,0.17035957351580078,7.8431372549019605,39.45109514461434
1.5,1.1746424194271317,-0.059986154111212754,5.33080095767261,0.17035957351580078,7.8431372549019605,39.45109514461434
