lambda,sharpe_regime,dd_regime,calmar_regime,hhi_regime,dd_improvement
1.0,1.1946588666447977,-0.06133851600746449,5.3184304423696585,0.1656279160542319,45.42723843250288
2.0,1.1997776192929492,-0.061273619511550914,5.345464334500664,0.16547238492575123,41.57887142064392
3.0,1.1961154170153265,-0.06129503958815543,5.324256193873755,0.16610946914741684,38.129930562816554
5.0,1.1961482420234348,-0.06132069878125959,5.323899985573007,0.16597123186439808,31.33004173993187
7.0,1.198673042847567,-0.06131546105764318,5.352542858278277,0.1674206560022749,25.5301191579029
10.0,1.2007664590644587,-0.06130956980532247,5.3536065885961,0.1677143081561444,18.270901860965925
